Month,Forecasted_KWH
2014 Jan,10382967.620709654
2014 Feb,8523552.79451916
2014 Mar,7233376.562936777
2014 Apr,6015225.781504104
2014 May,5947914.755324742
2014 Jun,8191815.608082342
2014 Jul,9434078.960661473
2014 Aug,9936455.28656606
2014 Sep,8467602.260034367
2014 Oct,5870683.202011856
2014 Nov,6134975.967233646
2014 Dec,8482549.750847645
